{"cameraMode":{"drawMode":0,"name":"Shaded","section":"Shading Mode"},"sceneLighting":true,"audioPlay":false,"sceneViewState":{"m_AlwaysRefresh":false,"showFog":true,"showSkybox":true,"showFlares":true,"showImageEffects":true,"showParticleSystems":true,"showVisualEffectGraphs":true,"m_FxEnabled":true},"in2DMode":false,"pivot":{"x":-0.05354022979736328,"y":-8.440211296081543,"z":18.972976684570314},"rotation":{"x":-0.29156649112701418,"y":0.2495870292186737,"z":-0.07909815013408661,"w":-0.920026957988739},"size":11.085670471191407,"orthographic":false}