{"cameraMode":{"drawMode":0,"name":"Shaded","section":"Shading Mode"},"sceneLighting":true,"audioPlay":false,"sceneViewState":{"m_AlwaysRefresh":false,"showFog":true,"showSkybox":true,"showFlares":true,"showImageEffects":true,"showParticleSystems":true,"showVisualEffectGraphs":true,"m_FxEnabled":true},"in2DMode":false,"pivot":{"x":-18.936054229736329,"y":-13.576896667480469,"z":39.49994659423828},"rotation":{"x":-0.20086388289928437,"y":0.25185051560401919,"z":-0.05352242290973663,"w":-0.9451822638511658},"size":20.465007781982423,"orthographic":false}