{"cameraMode":{"drawMode":0,"name":"Shaded","section":"Shading Mode"},"sceneLighting":true,"audioPlay":false,"sceneViewState":{"m_AlwaysRefresh":false,"showFog":true,"showSkybox":true,"showFlares":true,"showImageEffects":true,"showParticleSystems":true,"showVisualEffectGraphs":true,"m_FxEnabled":true},"in2DMode":false,"pivot":{"x":-0.04518645629286766,"y":5.295385360717773,"z":-3.9284820556640627},"rotation":{"x":-0.304068386554718,"y":-0.014003592543303967,"z":0.004437590017914772,"w":-0.9525138735771179},"size":1.2247449159622193,"orthographic":false}