{"cameraMode":{"drawMode":0,"name":"Shaded","section":"Shading Mode"},"sceneLighting":true,"audioPlay":false,"sceneViewState":{"m_AlwaysRefresh":false,"showFog":true,"showSkybox":true,"showFlares":true,"showImageEffects":true,"showParticleSystems":true,"showVisualEffectGraphs":true,"m_FxEnabled":true},"in2DMode":false,"pivot":{"x":46.06789779663086,"y":19.432655334472658,"z":18.962013244628908},"rotation":{"x":-0.18636462092399598,"y":0.6603201627731323,"z":-0.17424917221069337,"w":-0.7062475681304932},"size":1.2247449159622193,"orthographic":false}